<?xml version="1.0" encoding="UTF-8"?>
<Configuration status="warn">

	<Properties>
		<Property name="basePath">/mnt/recovery-bulkUploadConsumer/logs</Property>
		<Property name="LOG_PATTERN">%d{yyyy-MM-dd'T'HH:mm:ss.SSSZ} %p %m%n</Property>
	</Properties>

	<Appenders>

		<!-- Console Appender -->
		<Console name="Console" target="SYSTEM_OUT" follow="true">
			<PatternLayout pattern="${LOG_PATTERN}"/>
		</Console>

		<RollingFile name="fileLogger"
					 fileName="${basePath}/app.log"
					 filePattern="${basePath}/app-%d{yyyy-MM-dd}.log">
			<PatternLayout>
				<pattern>[%-5level] %d{yyyy-MM-dd HH:mm:ss.SSS} [%t] %c{1} - %msg%n
				</pattern>
			</PatternLayout>
			<Policies>
				<TimeBasedTriggeringPolicy interval="1" modulate="true" />
				<SizeBasedTriggeringPolicy size="10MB" />
			</Policies>
			<!-- Max 10 files will be created everyday -->
			<DefaultRolloverStrategy max="10">
				<Delete basePath="${basePathr}" maxDepth="10">
					<!-- Delete all files older than 30 days -->
					<IfLastModified age="30d" />
				</Delete>
			</DefaultRolloverStrategy>
		</RollingFile>
	</Appenders>
	<Loggers>
		<Root level="info" additivity="false">
			<appender-ref ref="fileLogger" />
			<AppenderRef ref="Console" />
		</Root>
	</Loggers>
</Configuration>